z,stage,nsim,params
1.483789587499942,1,1,14
1.7605704156005308,2,1,14
-0.34716640319063036,1,2,14
0.3845286990726328,2,2,14
1.7876551342335034,1,3,14
1.4300601901235908,2,3,14
-0.20590811384019195,1,4,14
1.0588866964703605,2,4,14
-1.5581144693655575,1,5,14
-0.784963683110543,2,5,14
-0.6938611339029027,1,6,14
-1.1430376333270167,2,6,14
0.38905535087109117,1,7,14
0.8141224857958337,2,7,14
-0.35419480758977373,1,8,14
-1.3323201806556861,2,8,14
-2.1055441887642363,1,9,14
-0.34051496101531803,2,9,14
-0.45730620639095715,1,10,14
-0.3365664793611711,2,10,14
1.1828716568437918,1,11,14
1.48341529997915,2,11,14
-0.8318380426465225,1,12,14
-1.204120838351955,2,12,14
0.9587674619639472,1,13,14
-0.10152967393226066,2,13,14
-1.3570230500424831,1,14,14
-1.1932398410279148,2,14,14
-0.5038240252619888,1,15,14
-0.3255695592437695,2,15,14
1.224486187947388,1,16,14
-0.03597425007012145,2,16,14
1.624052472383139,1,17,14
0.4923287832283502,2,17,14
0.3149295729498507,1,18,14
1.523229112478309,2,18,14
0.44155423237007246,1,19,14
1.1163588487551444,2,19,14
-1.0253152392334595,1,20,14
-0.9963093747561679,2,20,14
-0.1554309591286465,1,21,14
0.13418514273188326,2,21,14
1.335527513640658,1,22,14
0.927499735195342,2,22,14
0.3840237930912351,1,23,14
0.6057651658140426,2,23,14
1.6934762524446048,1,24,14
0.9980667036899219,2,24,14
-1.4431037125081367,1,25,14
-1.377592172389149,2,25,14
1.0542440150731087,1,26,14
0.46542516189822114,2,26,14
0.71579757474556,1,27,14
0.8603053503473096,2,27,14
-0.5996326159629081,1,28,14
-0.2960367364663086,2,28,14
1.872864250728158,1,29,14
1.2088842929094255,2,29,14
0.9725299115624204,1,30,14
1.1519438306054057,2,30,14
2.1171817375229476,1,31,14
0.31709831035390884,2,31,14
0.02661388998558813,1,32,14
-0.6917012678160206,2,32,14
0.13391504042752475,1,33,14
-0.9701600903546395,2,33,14
0.44416877569448787,1,34,14
-0.0013480214453789484,2,34,14
-0.4957122874499167,1,35,14
-0.2111117750676296,2,35,14
-0.3071787232805477,1,36,14
-0.5159626030305118,2,36,14
0.26594030539126723,1,37,14
0.8585539336218335,2,37,14
-1.2770407607450511,1,38,14
-0.608173426143793,2,38,14
0.1155085809160217,1,39,14
1.1879067738265627,2,39,14
1.7496459734791865,1,40,14
1.5656477073089867,2,40,14
1.064081156372873,1,41,14
0.6664390449885813,2,41,14
0.6265910129799188,1,42,14
0.9884321535935477,2,42,14
0.022819808181038022,1,43,14
-0.5250693647936248,2,43,14
1.9459943073151427,1,44,14
1.8426916707697218,2,44,14
-0.7641420881473052,1,45,14
1.3428350583950943,2,45,14
0.6194525069692853,1,46,14
0.4687189255507354,2,46,14
0.16722112624360283,1,47,14
-0.3802446790079492,2,47,14
-0.05400426820722117,1,48,14
0.016690798381801434,2,48,14
2.479830350064322,1,49,14
0.7718787851662422,2,49,14
1.1533636153905087,1,50,14
1.1793564395037117,2,50,14
0.741936977300857,1,51,14
-0.8408919185534012,2,51,14
-0.36846145889846404,1,52,14
-1.1440425261757765,2,52,14
0.2602478763100675,1,53,14
-0.781213932360939,2,53,14
-0.22471564377148764,1,54,14
0.2322981045578495,2,54,14
0.9617305226408865,1,55,14
1.2613294932301369,2,55,14
-0.9831873062977214,1,56,14
-1.0379003631119794,2,56,14
-1.4620715589720645,1,57,14
-0.1725114266404913,2,57,14
-1.942217785077302,1,58,14
-1.5361005961361567,2,58,14
-0.6091677128572182,1,59,14
-0.21411184086674087,2,59,14
1.0129254161888315,1,60,14
0.42751180988939397,2,60,14
-0.93961462093763,1,61,14
-0.033866920101662944,2,61,14
0.20056476145942095,1,62,14
0.158556107277473,2,62,14
-0.3276806783353258,1,63,14
0.09943198349269863,2,63,14
-0.8029704945431773,1,64,14
-0.8825410468084894,2,64,14
1.2360259072873692,1,65,14
1.6380392732114284,2,65,14
0.5110653589618214,1,66,14
0.03041025779112721,2,66,14
-1.1517043311997601,1,67,14
-1.0284669333747931,2,67,14
-0.3905009871946621,1,68,14
-0.6500567564294933,2,68,14
-0.46042601106842046,1,69,14
-1.0337822333868398,2,69,14
-0.4341511332532413,1,70,14
-0.1898525526190469,2,70,14
-1.0832707870651115,1,71,14
0.19285850047990818,2,71,14
-1.4974488615659596,1,72,14
-0.8517465072153975,2,72,14
-0.3694892802149444,1,73,14
-0.6507689695061554,2,73,14
-0.4481937636659675,1,74,14
0.2727003456106685,2,74,14
-0.2797885658710488,1,75,14
-0.6207000821867582,2,75,14
-1.319131116288761,1,76,14
-1.2471052988575912,2,76,14
-2.220653044888432,1,77,14
-0.9086538576479891,2,77,14
-0.8118704494279152,1,78,14
-0.010331424623862186,2,78,14
-0.59970389962214,1,79,14
-1.0289852760291351,2,79,14
0.1373805935346283,1,80,14
2.03526786119344,2,80,14
-0.7900407906613789,1,81,14
-1.1993674485780088,2,81,14
-1.8908661943057001,1,82,14
-1.1328317694882095,2,82,14
-1.4870402274856325,1,83,14
-1.9576595903920122,2,83,14
-0.03710032068260627,1,84,14
0.0397947257392189,2,84,14
-1.9840538983295382,1,85,14
-0.8613572464669026,2,85,14
0.05877245551777639,1,86,14
-0.21998336164230026,2,86,14
0.43351872243512096,1,87,14
-0.14850387512418736,2,87,14
-0.2551263364307703,1,88,14
0.4773519880359105,2,88,14
-0.503401411223087,1,89,14
-0.34916660390375387,2,89,14
-0.8784884051479588,1,90,14
-2.327519886665347,2,90,14
2.129219171309358,1,91,14
2.46597636849123,2,91,14
1.1922834465196033,1,92,14
1.7376438688080715,2,92,14
-0.503197081145034,1,93,14
-0.6008757505532081,2,93,14
0.7661597879604327,1,94,14
0.1078511042777158,2,94,14
0.3855810001234092,1,95,14
-0.401086818933495,2,95,14
-0.7693822955606534,1,96,14
-1.704859553091762,2,96,14
2.0491442572133236,1,97,14
1.2826938332322402,2,97,14
-0.7773683088333496,1,98,14
-0.6435911246753894,2,98,14
-0.7967053492720524,1,99,14
-0.7301345799145585,2,99,14
0.11903369653536963,1,100,14
-0.6276065396786262,2,100,14
0.4416311227410193,1,101,14
0.36461792410391747,2,101,14
-1.2987689477180853,1,102,14
0.11051031430205488,2,102,14
-0.9380467408697694,1,103,14
0.08028957927920775,2,103,14
-0.03600700667312482,1,104,14
-0.020877237112550386,2,104,14
0.4295157775348586,1,105,14
-0.7016837119772497,2,105,14
0.08433964690730543,1,106,14
0.6465977060742654,2,106,14
-0.05824132509159077,1,107,14
-0.5900862346887961,2,107,14
-0.03080996224336481,1,108,14
-0.7382205923539071,2,108,14
-0.32134674013890385,1,109,14
0.9464356988636786,2,109,14
0.17776011168745146,1,110,14
-0.09287672113141736,2,110,14
-0.20822494724749066,1,111,14
0.18628331206843096,2,111,14
-0.04731504013375381,1,112,14
-0.5451542895965396,2,112,14
-0.2138571417988456,1,113,14
0.969945532753451,2,113,14
-0.928499651076182,1,114,14
-1.5063710655279923,2,114,14
1.197655127346178,1,115,14
0.8816502489684778,2,115,14
-0.6632377302419925,1,116,14
-0.6800732487868189,2,116,14
0.11926996534716285,1,117,14
-0.03610485524767138,2,117,14
-2.7404774507088514,1,118,14
-1.3601393160914297,2,118,14
0.42720531172768267,1,119,14
0.6895955265243746,2,119,14
-1.50450709300272,1,120,14
-1.0706332296847973,2,120,14
-0.5626335802101964,1,121,14
-1.0352914886105689,2,121,14
-0.5629916200151134,1,122,14
-0.7881280501042881,2,122,14
1.512354926384719,1,123,14
1.6658875948835878,2,123,14
2.496825201622868,1,124,14
2.0539996166474346,2,124,14
1.2674564543144344,1,125,14
0.07497322706874571,2,125,14
0.39227565841820056,1,126,14
0.5536046484673378,2,126,14
0.3521765157740496,1,127,14
-0.7528302539727463,2,127,14
-0.9629441842020168,1,128,14
0.08089444532426791,2,128,14
0.0741058403896428,1,129,14
-0.19368361447774604,2,129,14
0.4136865879794554,1,130,14
-0.5165324118880814,2,130,14
0.003094989764711686,1,131,14
-0.7155780565052671,2,131,14
0.160853699082222,1,132,14
0.383334879238742,2,132,14
-0.44956082115944834,1,133,14
-0.012424726056200692,2,133,14
-1.7255233690692215,1,134,14
-0.5940884324319338,2,134,14
-0.27103611152656115,1,135,14
0.7532235289971155,2,135,14
1.6267794887802314,1,136,14
3.2840759173770655,2,136,14
-0.14668535521365578,1,137,14
-1.239048347782821,2,137,14
-0.20601951185160589,1,138,14
-0.42723513340625807,2,138,14
-1.9639917676332976,1,139,14
0.7864885218766595,2,139,14
-0.03204917431154171,1,140,14
-0.40877527619723153,2,140,14
-0.45355410547340796,1,141,14
1.2492045393373308,2,141,14
-1.6259433291393246,1,142,14
-2.2358204640849744,2,142,14
-1.0641203087613524,1,143,14
-1.3314251298808886,2,143,14
-0.29625888941389356,1,144,14
-0.2868671009199446,2,144,14
-0.35189260498183944,1,145,14
-0.03990549303649546,2,145,14
-0.04709809322088984,1,146,14
0.35558261405554037,2,146,14
0.7098685586986754,1,147,14
0.4953886589373994,2,147,14
0.2967402875547356,1,148,14
0.6777051014206729,2,148,14
-1.3612877136397068,1,149,14
-1.3429136454673027,2,149,14
0.26055476861459326,1,150,14
0.8764429907787146,2,150,14
0.9417013637068556,1,151,14
-0.5415120376241052,2,151,14
-0.20549999142003308,1,152,14
0.08818787620949621,2,152,14
0.8497591268507498,1,153,14
0.5442023025822016,2,153,14
-0.05127593163472713,1,154,14
-0.7520200921118586,2,154,14
-1.2911872596264247,1,155,14
-0.9700430459545816,2,155,14
0.1556544199072801,1,156,14
-0.5831365563514453,2,156,14
1.6350548691073257,1,157,14
1.6550842368726517,2,157,14
0.5234234729524023,1,158,14
1.1779159651786526,2,158,14
-0.3481118092173989,1,159,14
-0.7849223958192861,2,159,14
-0.7034589598497375,1,160,14
-2.3355571320567576,2,160,14
-0.2706438349448036,1,161,14
0.35456596017031233,2,161,14
0.33541482695148844,1,162,14
-0.1797544921611007,2,162,14
1.7558452550617418,1,163,14
1.1041534818444505,2,163,14
0.77330961157633,1,164,14
-0.16843748174255696,2,164,14
1.357626279192984,1,165,14
1.7960140814606962,2,165,14
1.3808611044731183,1,166,14
1.3987011539772733,2,166,14
-0.23734626942142087,1,167,14
-0.9214329735785587,2,167,14
-1.2739908477286792,1,168,14
-0.7200831086048334,2,168,14
0.771584141592852,1,169,14
1.007032949924259,2,169,14
-0.5665325695328997,1,170,14
-0.9110081713006121,2,170,14
-0.7008007002833073,1,171,14
-0.06859335360394685,2,171,14
-0.5516739547025274,1,172,14
-0.24680475519143794,2,172,14
-2.411278356693235,1,173,14
-1.704521625310243,2,173,14
0.6802718914635374,1,174,14
0.4625465848420479,2,174,14
-0.718704199110201,1,175,14
-1.5772583473090216,2,175,14
0.7384945630656993,1,176,14
0.5176017348067778,2,176,14
-0.27714464309621795,1,177,14
0.13146734672349125,2,177,14
-0.7436886031044684,1,178,14
0.995878784214572,2,178,14
0.29800086735147097,1,179,14
-1.175258793547704,2,179,14
-1.8960825045090715,1,180,14
-0.9866111880854878,2,180,14
1.3157074243398794,1,181,14
1.7653497623813366,2,181,14
-1.3792930881007202,1,182,14
-1.2724280814732187,2,182,14
-1.3129863666504946,1,183,14
-0.9774713014023427,2,183,14
-0.6613051609776792,1,184,14
-0.19254257996978782,2,184,14
0.2752728848992864,1,185,14
-1.0562079168711322,2,185,14
-0.4198127919930224,1,186,14
-0.013224079940487389,2,186,14
-2.1114054089920375,1,187,14
-0.4501830045933081,2,187,14
-2.149389142176655,1,188,14
-1.2602102173510332,2,188,14
0.5885952250059674,1,189,14
1.4783526158871962,2,189,14
0.3538119388137323,1,190,14
1.1174190527666112,2,190,14
0.8921844505268136,1,191,14
0.529084754719232,2,191,14
-0.3608832997342628,1,192,14
0.18035300710413463,2,192,14
-1.1552385013026545,1,193,14
-1.1064807936572074,2,193,14
1.3373250567056636,1,194,14
2.184146525543878,2,194,14
-0.21026101019143117,1,195,14
0.11006337351057353,2,195,14
1.7166013145756869,1,196,14
0.79667299822551,2,196,14
-0.9991951663551186,1,197,14
-1.6182558206421398,2,197,14
-0.9801070532543533,1,198,14
0.06263613934972798,2,198,14
0.8857616781767906,1,199,14
1.1627412673963877,2,199,14
0.23771325715112754,1,200,14
0.8418113613843384,2,200,14
0.18507186895459388,1,201,14
0.846555810580914,2,201,14
-1.6910852600705835,1,202,14
-1.0677394880733393,2,202,14
-0.9828559635642963,1,203,14
0.20519466395315478,2,203,14
-0.6371716863719824,1,204,14
-0.1706964343074292,2,204,14
-1.7305376346151042,1,205,14
-1.861513044418607,2,205,14
-0.8700547213859678,1,206,14
-1.439317521274512,2,206,14
0.44228245020541734,1,207,14
1.495012341360051,2,207,14
0.39954604393633486,1,208,14
0.13988175438448477,2,208,14
-0.3068650953965129,1,209,14
0.5284963040430548,2,209,14
-1.1006264596772648,1,210,14
-0.6033062667804723,2,210,14
0.5202204082150299,1,211,14
0.2986413602501174,2,211,14
-1.8651831241062995,1,212,14
-1.3268178133290842,2,212,14
0.2756456838243915,1,213,14
-0.49719439099743107,2,213,14
-1.8838731424331507,1,214,14
-2.1393551282789476,2,214,14
1.9184790430711296,1,215,14
2.4387026046297775,2,215,14
2.5901648328517797,1,216,14
2.4340946746660097,2,216,14
1.3498660076378703,1,217,14
1.4057626727510384,2,217,14
1.3391041150953704,1,218,14
0.40697408871322704,2,218,14
0.7119069163696035,1,219,14
1.147386635206752,2,219,14
0.2997784410958944,1,220,14
-0.06370625425612986,2,220,14
1.5367161889512386,1,221,14
1.1166641677744356,2,221,14
-0.4130913090651659,1,222,14
-0.8912307689868225,2,222,14
-0.7389541449633458,1,223,14
0.14327607521235333,2,223,14
-0.6356120096410155,1,224,14
-0.9476839199158472,2,224,14
1.1197760568614974,1,225,14
0.9646732022020391,2,225,14
0.6401024122676835,1,226,14
0.5670963943350881,2,226,14
-0.6681275842166019,1,227,14
0.5332466262075691,2,227,14
-0.6888658619351024,1,228,14
0.1551374915088493,2,228,14
-0.6158676341959,1,229,14
-0.3088793239848699,2,229,14
0.09429128587657835,1,230,14
0.5812703244959074,2,230,14
0.10107486920075547,1,231,14
0.07892392999508348,2,231,14
-1.0394028098102466,1,232,14
-0.18786786567990535,2,232,14
-0.040634963602068024,1,233,14
-0.498819430743955,2,233,14
1.5782260127421468,1,234,14
1.4822344111071104,2,234,14
-0.614512745637689,1,235,14
-0.36647632597708735,2,235,14
-1.5572096612512591,1,236,14
-1.0815179603642133,2,236,14
0.3460689808784977,1,237,14
0.08062733823474531,2,237,14
0.39619125617595274,1,238,14
0.004185320611514119,2,238,14
-1.41455573336563,1,239,14
-1.8117687403267468,2,239,14
-1.070973225256719,1,240,14
0.20824542101435017,2,240,14
0.7105975532092267,1,241,14
0.43084409881608976,2,241,14
0.14495944757155885,1,242,14
0.17042615958025917,2,242,14
-0.3778698430145726,1,243,14
-0.14967529329176438,2,243,14
-0.9477523716680466,1,244,14
-0.7626530215935645,2,244,14
0.045154467129352775,1,245,14
0.7650776938216868,2,245,14
0.176685545929249,1,246,14
-0.6534574099394778,2,246,14
1.0366816438347,1,247,14
0.786747623909323,2,247,14
0.9524088736087245,1,248,14
1.7639054912699208,2,248,14
0.44092940206323994,1,249,14
0.4878521863664271,2,249,14
0.7717202387874652,1,250,14
-0.3782294275217246,2,250,14
0.3144964593366469,1,251,14
0.9080892564506703,2,251,14
0.9106680207773936,1,252,14
0.19647445466913638,2,252,14
-0.44631942384243656,1,253,14
0.029478814941239963,2,253,14
1.7587859684796643,1,254,14
0.9196451665587109,2,254,14
0.21863938099621655,1,255,14
-0.3048324267616377,2,255,14
0.415930823439709,1,256,14
-0.6552071463812562,2,256,14
1.125889228676158,1,257,14
-0.04371084546845628,2,257,14
-1.6839633869098023,1,258,14
-1.2207960529508437,2,258,14
-1.2204962367374448,1,259,14
-0.5264599525643964,2,259,14
-1.0271804054690103,1,260,14
-0.03675311259292379,2,260,14
-0.0515440330332876,1,261,14
-1.100199200193847,2,261,14
-0.5532917803968355,1,262,14
-0.7488594398603892,2,262,14
-0.6337862026775861,1,263,14
-0.9259845199192581,2,263,14
-0.7782879137444245,1,264,14
-1.3518359878897466,2,264,14
-1.0367834785042065,1,265,14
-0.5975958277503819,2,265,14
-0.09502432706811498,1,266,14
0.5828422552021725,2,266,14
0.76403930769852,1,267,14
1.5905741370838615,2,267,14
0.023353893143692094,1,268,14
0.28891893731423013,2,268,14
-0.7816893772488828,1,269,14
-1.7598500380191677,2,269,14
1.193517356342543,1,270,14
-0.3780448015342764,2,270,14
-0.3679818783405321,1,271,14
-0.2626850833062272,2,271,14
-0.2825578246918183,1,272,14
0.19520109088328133,2,272,14
0.0822099172452856,1,273,14
-0.6913556331540186,2,273,14
1.2074028901406075,1,274,14
0.7026368457247653,2,274,14
-0.2068719667454053,1,275,14
0.687834924810192,2,275,14
0.6039313583829079,1,276,14
0.26376308224077977,2,276,14
-1.5419338954239488,1,277,14
-0.3975046298155618,2,277,14
-1.3502662627105628,1,278,14
-1.027458925241831,2,278,14
0.18543836309944145,1,279,14
0.1280219896166383,2,279,14
1.351818051378632,1,280,14
0.6240050600641026,2,280,14
0.6104976296774313,1,281,14
0.6940722970183791,2,281,14
2.044405256186858,1,282,14
1.8538612093324056,2,282,14
-0.20134021224016432,1,283,14
0.4497015851898905,2,283,14
0.40727494356309984,1,284,14
0.5383762880751032,2,284,14
-0.22600593522310983,1,285,14
-1.2724741174033942,2,285,14
-0.18939304725909087,1,286,14
0.24632179738019072,2,286,14
0.7240733377463344,1,287,14
-0.07070416891720188,2,287,14
-0.23571433114068052,1,288,14
-0.2488701045153259,2,288,14
0.38468938326820973,1,289,14
0.5902724872853156,2,289,14
-0.37685321018179613,1,290,14
-1.274439249794841,2,290,14
0.44055010320080656,1,291,14
0.40752592737204235,2,291,14
-0.3995507535234395,1,292,14
-0.7954869198100585,2,292,14
-0.3586823769617099,1,293,14
-1.3363286692397223,2,293,14
-1.150684134263868,1,294,14
0.05191493422389154,2,294,14
-0.7454516385539245,1,295,14
-1.493439719405565,2,295,14
-1.6979680477577987,1,296,14
-1.1986960291541169,2,296,14
-0.7462670590822714,1,297,14
-0.4738106017035683,2,297,14
0.042792686120613474,1,298,14
-0.1565268376664491,2,298,14
-1.0820510008171798,1,299,14
-0.05821184220663626,2,299,14
-0.3276026860292508,1,300,14
-0.13152765417964424,2,300,14
1.0031057436870543,1,301,14
0.6270326687084699,2,301,14
2.313767000193812,1,302,14
1.4614957983990735,2,302,14
-0.18992716543696167,1,303,14
0.33385004975153343,2,303,14
-0.6838124150079157,1,304,14
0.2113418247887688,2,304,14
1.4115849163383958,1,305,14
0.6299952854928331,2,305,14
-1.398302073475915,1,306,14
0.20315370373474004,2,306,14
-0.7153472536662445,1,307,14
-1.1372905129697142,2,307,14
-1.2195329129743229,1,308,14
-0.4331533142033936,2,308,14
0.25493286563940204,1,309,14
1.3463976384909722,2,309,14
0.3439729335486604,1,310,14
0.3708150361793941,2,310,14
-2.5015109627460483,1,311,14
-3.032407182195372,2,311,14
-0.9658575842686619,1,312,14
-0.4414485872292047,2,312,14
0.19228875121162187,1,313,14
0.7802563669272787,2,313,14
0.5723138851956927,1,314,14
0.9260157794312663,2,314,14
-0.33278743005179173,1,315,14
-0.14743478566884638,2,315,14
-0.10573287420916012,1,316,14
-2.2341198165719955,2,316,14
-0.9801261514113621,1,317,14
-1.3024569068313687,2,317,14
2.4012615968240243,1,318,14
1.3654754331022982,2,318,14
-0.2099607453814509,1,319,14
-0.14169220238331193,2,319,14
0.5457373956268754,1,320,14
-0.45064892438936177,2,320,14
-0.7732799655512503,1,321,14
-0.14738242279370287,2,321,14
1.5708150296341326,1,322,14
2.0915548932247883,2,322,14
0.0640709081183572,1,323,14
-0.4511497779710766,2,323,14
-1.3222225846811217,1,324,14
-1.0114398236526323,2,324,14
-0.7280344792238653,1,325,14
-1.3538617606587575,2,325,14
-0.08443195317398251,1,326,14
-1.2011464982221127,2,326,14
-0.15417031950564175,1,327,14
-0.2864452524212373,2,327,14
-1.0095350283685187,1,328,14
-0.9087701026960694,2,328,14
1.052411187474707,1,329,14
0.050166484096317195,2,329,14
-0.3935963144491737,1,330,14
-0.6899180878313869,2,330,14
1.409729854800755,1,331,14
1.5363874318445112,2,331,14
-1.524061177910493,1,332,14
-2.042198817299198,2,332,14
0.4538240232822629,1,333,14
-0.7414870976961392,2,333,14
-0.04890779928510224,1,334,14
0.01606562925734255,2,334,14
-0.9300638563644279,1,335,14
-0.018924614590548703,2,335,14
-0.9270366771903097,1,336,14
-0.5935612567849282,2,336,14
-0.0988697378392906,1,337,14
0.21991422998409524,2,337,14
-0.06042043949737976,1,338,14
1.1274141417906134,2,338,14
0.12308629595192146,1,339,14
-0.23885860623367966,2,339,14
0.7420290662610958,1,340,14
0.5156865273748942,2,340,14
-0.0212493817438456,1,341,14
0.27092552433911565,2,341,14
-0.9914378809507297,1,342,14
0.2023139866783399,2,342,14
0.4684370605644092,1,343,14
-0.5619290546731603,2,343,14
0.22651138897674816,1,344,14
-0.927106566096654,2,344,14
-2.576480014460051,1,345,14
-1.5759499766805702,2,345,14
0.6448922890679644,1,346,14
0.46175953676823045,2,346,14
-0.7339235471273862,1,347,14
0.4020213439019976,2,347,14
0.1746203819781943,1,348,14
0.8776685486720586,2,348,14
-1.933915285794168,1,349,14
-1.8392026913348052,2,349,14
-0.45335259391296007,1,350,14
-0.7468310126284465,2,350,14
0.48643852745818494,1,351,14
-1.52104189621102,2,351,14
-0.548231948788143,1,352,14
0.6428241046236712,2,352,14
-1.165071530269215,1,353,14
-1.6474661488103903,2,353,14
-1.2506772201422778,1,354,14
0.4723219582669024,2,354,14
-0.08222121713860632,1,355,14
-0.023940102787991146,2,355,14
1.4936423035061128,1,356,14
1.3754017055426564,2,356,14
-0.42279601565979313,1,357,14
-0.2350334303507024,2,357,14
1.193316552103198,1,358,14
0.46579666143576814,2,358,14
-0.046904015360394666,1,359,14
0.49682569341733274,2,359,14
-1.5628704820148855,1,360,14
-1.5358360456136586,2,360,14
-0.36259132105210873,1,361,14
-0.4064484576144113,2,361,14
-1.9777705851365064,1,362,14
-1.2838777673804034,2,362,14
-0.344879450583235,1,363,14
-0.5414387154346815,2,363,14
-0.5068047778753064,1,364,14
-0.24078939540526714,2,364,14
-0.3002791152450557,1,365,14
1.2709386826462088,2,365,14
-0.6215231397762858,1,366,14
-0.12702779353370083,2,366,14
-0.5630775534355396,1,367,14
-1.5809608250509681,2,367,14
0.9907724284832978,1,368,14
1.0087503462894563,2,368,14
1.8446674889910455,1,369,14
2.171110594746195,2,369,14
0.34043991905395565,1,370,14
0.21960985000582967,2,370,14
-0.6574080914657948,1,371,14
-2.534757366534757,2,371,14
1.415378467467989,1,372,14
2.1135086008873927,2,372,14
-1.390734673165727,1,373,14
-1.987512457870943,2,373,14
0.19064964334086204,1,374,14
0.9669334941844069,2,374,14
1.6761831050536098,1,375,14
1.421620704806149,2,375,14
-0.7528949711575416,1,376,14
-0.04094223772132561,2,376,14
-1.7894046824450454,1,377,14
-1.5467813114919313,2,377,14
-0.8513529537389712,1,378,14
0.37095284208843354,2,378,14
1.000090857084823,1,379,14
1.7061825060143783,2,379,14
1.3994507644292733,1,380,14
1.2703490592255773,2,380,14
0.4846047963959171,1,381,14
-0.9284927151052389,2,381,14
-0.7001621889184316,1,382,14
-0.27286554226090487,2,382,14
-0.21542731784782249,1,383,14
-1.398761646809961,2,383,14
-0.5030968871312156,1,384,14
-0.15424240260892585,2,384,14
0.835351212885941,1,385,14
0.9127484459601625,2,385,14
-0.44840929576208516,1,386,14
-0.18309085079416973,2,386,14
0.6389944720926182,1,387,14
-0.10343059018656431,2,387,14
-0.6534018340818712,1,388,14
0.9643695979723332,2,388,14
-1.6000586285335705,1,389,14
-0.37892283935554655,2,389,14
0.4701339121370242,1,390,14
1.2485720613354074,2,390,14
1.1140260627226215,1,391,14
1.4130951050927028,2,391,14
1.0048438044961796,1,392,14
-0.18340343385924826,2,392,14
-0.48374770302523695,1,393,14
0.2507356506441638,2,393,14
-0.7438248308301573,1,394,14
0.36275416273258076,2,394,14
-0.2225404772005665,1,395,14
-0.1702299189787903,2,395,14
-0.7911423149470123,1,396,14
-1.001084069734713,2,396,14
0.4109521547466497,1,397,14
-0.8028263323246821,2,397,14
0.0810958170991371,1,398,14
-0.9139351381811629,2,398,14
0.5714137776177185,1,399,14
0.43844536958237473,2,399,14
2.2803941288181333,1,400,14
1.6836315859526296,2,400,14
0.7089652540051671,1,401,14
1.0243970255050656,2,401,14
-0.44341209218750127,1,402,14
0.03003744574097183,2,402,14
-1.7114902119807422,1,403,14
-1.3162765069124303,2,403,14
-1.0284584574731381,1,404,14
0.15904274510394972,2,404,14
0.6855158642236818,1,405,14
1.358882288243845,2,405,14
0.4854602121547608,1,406,14
0.27629612843054735,2,406,14
1.5510552058486025,1,407,14
1.4090554783022797,2,407,14
-0.9028335164837882,1,408,14
-0.13112586925302877,2,408,14
-1.4151480862567172,1,409,14
-0.9299001033241863,2,409,14
-0.7186301844666974,1,410,14
-1.4683865303291046,2,410,14
0.03598025009720102,1,411,14
-1.4054045998932037,2,411,14
0.08843888702804155,1,412,14
0.8310156176699437,2,412,14
1.1040454575002658,1,413,14
1.2645886744550494,2,413,14
-0.6123463553988163,1,414,14
-1.085157617827792,2,414,14
0.5791387378908898,1,415,14
0.9120485357087545,2,415,14
-0.04134111085597322,1,416,14
0.5412066917452065,2,416,14
0.24475880654537946,1,417,14
1.8258922299800042,2,417,14
0.07268913741140921,1,418,14
-0.5868553163298714,2,418,14
-1.2857377669514791,1,419,14
0.10339004186722534,2,419,14
0.715377076500549,1,420,14
1.098336092399813,2,420,14
0.02291135525066582,1,421,14
0.32534024341716994,2,421,14
0.21132980027570455,1,422,14
-0.3683096930870844,2,422,14
-0.9758946427560155,1,423,14
-0.9443516430073087,2,423,14
-0.6817866105005999,1,424,14
0.32569052524009146,2,424,14
-1.4929439463199181,1,425,14
-0.7146372995780111,2,425,14
1.9674756498097188,1,426,14
1.4247037890057561,2,426,14
-0.19547511660930098,1,427,14
1.2827963251330858,2,427,14
-0.7825629842336861,1,428,14
-0.7809194884033384,2,428,14
-0.06623371860485396,1,429,14
-1.0922485947870975,2,429,14
-0.2782064266007711,1,430,14
-1.0009129791953804,2,430,14
0.40504574973319557,1,431,14
0.8201094390570525,2,431,14
-0.2636533449097758,1,432,14
0.08329407361893791,2,432,14
-1.962468310528914,1,433,14
-2.064697580245748,2,433,14
0.6015274884362366,1,434,14
0.6313429078003224,2,434,14
0.5256686665547283,1,435,14
1.0167336171071175,2,435,14
-0.5374705472513086,1,436,14
-0.7642426677389091,2,436,14
1.5219823717321448,1,437,14
0.4897448430740213,2,437,14
0.25932428428521703,1,438,14
-0.4412810393649824,2,438,14
-0.5249373563288952,1,439,14
0.419264264256427,2,439,14
1.7682888364822085,1,440,14
1.388093985844274,2,440,14
2.3892047748224003,1,441,14
0.8513797628590012,2,441,14
0.5351696182582264,1,442,14
1.0592145005822011,2,442,14
0.5901756374092022,1,443,14
0.23599177842793986,2,443,14
0.3712720076351238,1,444,14
0.9151923464106886,2,444,14
1.5278254609358333,1,445,14
-0.03454014889497972,2,445,14
-0.021683263762116323,1,446,14
-1.2729182213609163,2,446,14
-0.751949348478838,1,447,14
-1.2190738826213807,2,447,14
-1.6013577445481177,1,448,14
-0.24438542070618693,2,448,14
-0.4632044580927801,1,449,14
-0.20757836892964873,2,449,14
-0.8341319416694125,1,450,14
-1.2507718640363108,2,450,14
-0.9250102623745698,1,451,14
-0.39015367499580583,2,451,14
1.6231718365448078,1,452,14
1.6509789413501952,2,452,14
0.14561724352579988,1,453,14
0.3329026831921074,2,453,14
0.6484482560507077,1,454,14
0.6917162212170087,2,454,14
0.07814856247216649,1,455,14
-0.3784524903691928,2,455,14
-0.3844395536044641,1,456,14
-1.2633996637684453,2,456,14
0.6866035708829836,1,457,14
0.06120681710541378,2,457,14
-0.42689859106470646,1,458,14
-1.7484625172401713,2,458,14
0.9266102792110271,1,459,14
0.2643519801262184,2,459,14
0.6236647222459454,1,460,14
0.8947149228787166,2,460,14
-0.9595827691520645,1,461,14
-0.047721263967476606,2,461,14
-0.6953709766722426,1,462,14
-0.5928129731146634,2,462,14
1.6920521835764324,1,463,14
2.3384740273525146,2,463,14
-0.6832990565811782,1,464,14
-1.8581391845136925,2,464,14
1.5794644776416453,1,465,14
1.0149038438154008,2,465,14
-0.11187659277137094,1,466,14
0.5012853395203838,2,466,14
-0.3681045426386922,1,467,14
-1.1642559049106118,2,467,14
1.2837771965467502,1,468,14
1.3180199185013277,2,468,14
0.25473591069172863,1,469,14
0.8168936885326017,2,469,14
-0.73051912206819,1,470,14
-1.3485242307147922,2,470,14
0.9303190708600552,1,471,14
0.779081146050516,2,471,14
-0.592100116107772,1,472,14
0.6476018169648561,2,472,14
1.5868875919078849,1,473,14
1.5020117485334339,2,473,14
-2.6166603166832743,1,474,14
-3.473166579414024,2,474,14
0.10784354911840588,1,475,14
-0.8401520614550925,2,475,14
-2.798499744375289,1,476,14
-2.3598394155457,2,476,14
0.9335062835445106,1,477,14
-0.3092136800493891,2,477,14
-0.32000347240159743,1,478,14
-0.9300489621444099,2,478,14
-0.3121196648435382,1,479,14
-1.801206975973856,2,479,14
-0.48181508733064227,1,480,14
-0.21715241181303457,2,480,14
1.604135929076309,1,481,14
1.4699711728846712,2,481,14
-0.32022253285363866,1,482,14
-1.0633945157711588,2,482,14
0.7610174731799951,1,483,14
1.1758352187544017,2,483,14
0.2863365520162162,1,484,14
0.451961214990738,2,484,14
-0.5554307111598747,1,485,14
0.46220049487188536,2,485,14
0.7043988840689528,1,486,14
-0.13984232106020159,2,486,14
-0.529010411992707,1,487,14
-0.675200796953311,2,487,14
0.29342321147599476,1,488,14
0.21168042143502638,2,488,14
-0.916798011161097,1,489,14
-1.4408476524565117,2,489,14
-1.302614166138911,1,490,14
-2.3154723508503317,2,490,14
-1.0500254077205686,1,491,14
-1.2688679976417725,2,491,14
0.3555804625547249,1,492,14
0.9082135385023278,2,492,14
0.10909128153797172,1,493,14
0.8042095278236774,2,493,14
-0.317721217312285,1,494,14
-0.8536731182760474,2,494,14
-1.350658248774284,1,495,14
-1.799527784664378,2,495,14
-0.131915383676176,1,496,14
0.5735704519459806,2,496,14
-0.17085138887153045,1,497,14
-0.9154881847389745,2,497,14
-0.8382106921735555,1,498,14
0.29165893785542985,2,498,14
-1.096059784671387,1,499,14
-0.6240638317988638,2,499,14
-1.5336821894615373,1,500,14
-0.7242929425636407,2,500,14
0.46214039364401815,1,501,14
1.1633253260820278,2,501,14
-1.061001233233411,1,502,14
-1.0012754305622285,2,502,14
1.8944229990049162,1,503,14
-0.021247798169313485,2,503,14
-0.6339927903189179,1,504,14
-0.7031997982750158,2,504,14
-1.5362994313905125,1,505,14
-2.773777561131311,2,505,14
-0.6718787113733072,1,506,14
-0.9530918615797284,2,506,14
-0.6798870702902085,1,507,14
-1.1576243167947127,2,507,14
0.5051777447539091,1,508,14
-0.10362641779669492,2,508,14
-0.1169005123013757,1,509,14
-0.6100336586621237,2,509,14
-0.238142312207149,1,510,14
-0.8777452885667315,2,510,14
0.6743425243511479,1,511,14
0.8857726872352271,2,511,14
0.19602456794238618,1,512,14
-0.7703999363471961,2,512,14
0.04237010594883263,1,513,14
-1.586994011861322,2,513,14
0.38064106505830053,1,514,14
-0.35529847908253676,2,514,14
0.06251549280080236,1,515,14
-0.6541926509738075,2,515,14
0.43767400834496667,1,516,14
1.1392038274530278,2,516,14
0.2509984648169179,1,517,14
-0.5761350919840794,2,517,14
-1.1423955282181033,1,518,14
-0.6899523170646914,2,518,14
0.29030783040315267,1,519,14
1.4562243464663005,2,519,14
0.8882431250206032,1,520,14
1.3815187511916225,2,520,14
0.9972448545828668,1,521,14
1.3070903268746141,2,521,14
0.09079534732285527,1,522,14
-1.0182075184945079,2,522,14
-0.9174242540976568,1,523,14
-1.165943955718777,2,523,14
1.7704604860637563,1,524,14
1.3442188316377073,2,524,14
0.41481086639752174,1,525,14
0.794530490705073,2,525,14
-1.499812722590553,1,526,14
-1.6748299651687828,2,526,14
-0.7555437641408947,1,527,14
-0.584084351834214,2,527,14
-0.39662106252658874,1,528,14
0.054560111308089576,2,528,14
-2.245071428787191,1,529,14
-1.1767986707050968,2,529,14
-0.11847247439152184,1,530,14
-0.5535316497593252,2,530,14
-0.2616247618943619,1,531,14
-0.34277407808811555,2,531,14
0.0043118227778298004,1,532,14
-1.920385165721807,2,532,14
0.7655943137111263,1,533,14
0.2812661922612493,2,533,14
1.1807520740550252,1,534,14
0.8316554107351454,2,534,14
-0.6075791139140644,1,535,14
0.21311080340092312,2,535,14
-0.12266333057114702,1,536,14
0.8037498796469652,2,536,14
-0.10396372297532155,1,537,14
-0.2134461474617834,2,537,14
-1.408983267326078,1,538,14
0.10512628400491227,2,538,14
-0.05585447304507079,1,539,14
0.07461560582532156,2,539,14
-1.1496585081485318,1,540,14
-0.991520051697525,2,540,14
1.587009220438072,1,541,14
1.3575989570496854,2,541,14
0.5350934804938234,1,542,14
0.6327267584901485,2,542,14
-0.5655959130660322,1,543,14
-0.22598670627494255,2,543,14
-1.1703032229633603,1,544,14
-1.145788873942801,2,544,14
1.9220174580694926,1,545,14
0.9474074863153231,2,545,14
-1.5077608860724971,1,546,14
0.2072234939640858,2,546,14
0.7292452986962672,1,547,14
0.765444515919221,2,547,14
-0.3382443217862773,1,548,14
-0.5843260078744189,2,548,14
0.4922331362869031,1,549,14
0.5372514826727272,2,549,14
-1.119407865357837,1,550,14
-2.3687786412799046,2,550,14
-0.7710066286397318,1,551,14
-0.98839211346918,2,551,14
-0.4340933615084471,1,552,14
0.5424965721577732,2,552,14
0.7796808996001732,1,553,14
0.4674971446539836,2,553,14
-0.5247463583525788,1,554,14
-1.512803170980427,2,554,14
-0.92710016042262,1,555,14
0.03940477184149506,2,555,14
1.4139278034209666,1,556,14
0.6498219575505545,2,556,14
-2.067970995614755,1,557,14
-1.9761577516531912,2,557,14
-0.8442493225270642,1,558,14
0.2336100487304895,2,558,14
-0.6386921768974464,1,559,14
-0.30734606974567036,2,559,14
-1.8567624053055496,1,560,14
-0.11643190542063933,2,560,14
1.3995027577191375,1,561,14
1.1049134968246703,2,561,14
-1.109189901149426,1,562,14
-0.48533399204646355,2,562,14
-1.2599897694405846,1,563,14
-1.208111448152478,2,563,14
1.544320854890854,1,564,14
1.6564824568641106,2,564,14
2.1042488592564585,1,565,14
0.9075614777088158,2,565,14
-0.05811783755145763,1,566,14
-0.7527307836480691,2,566,14
0.5654740599067121,1,567,14
0.12413488771617757,2,567,14
0.0673063869171979,1,568,14
-0.09059479877847752,2,568,14
-0.03582526405407494,1,569,14
-0.004878931590767302,2,569,14
0.6333929115430902,1,570,14
1.3381852550288575,2,570,14
1.872977197816043,1,571,14
1.564328443539342,2,571,14
-0.04926231400143072,1,572,14
0.4033817746275929,2,572,14
-0.5399019757729994,1,573,14
0.1467979451544054,2,573,14
0.6087456487043078,1,574,14
0.6393194613691542,2,574,14
-1.0015748283802792,1,575,14
-0.6537605463051211,2,575,14
-0.5938033689128912,1,576,14
-1.023738341335659,2,576,14
-1.1487073095008973,1,577,14
-0.9856094197119046,2,577,14
-0.6617866812174411,1,578,14
-0.4055928632704423,2,578,14
1.6870836431765874,1,579,14
0.8002121187632366,2,579,14
0.14562268208099594,1,580,14
0.26223607013362027,2,580,14
0.17158020088315487,1,581,14
0.9665877988571262,2,581,14
0.18602668317131,1,582,14
-0.1388015595395535,2,582,14
-0.236997252150048,1,583,14
-2.1226136486435596,2,583,14
-1.233625314475331,1,584,14
-1.335098500353311,2,584,14
1.3660322038111445,1,585,14
2.5134777772079095,2,585,14
-0.527558920776109,1,586,14
-0.6246988535699555,2,586,14
0.5058849741099221,1,587,14
-0.5538434341520819,2,587,14
1.2189333121431702,1,588,14
1.011200640725048,2,588,14
-0.08588287417585287,1,589,14
0.09050811267175059,2,589,14
1.0232805542138053,1,590,14
-0.276989914081005,2,590,14
1.4468820752229772,1,591,14
2.0008441347563046,2,591,14
-1.6947978601466598,1,592,14
-1.629996192505995,2,592,14
-0.8330114597823371,1,593,14
-0.26146266055744327,2,593,14
-0.9674090557139872,1,594,14
0.21965118174817372,2,594,14
-1.2320196217586579,1,595,14
-1.0202817496544423,2,595,14
-0.15809646968054025,1,596,14
-0.014263848138780089,2,596,14
-0.0787498356867091,1,597,14
-0.38357182037562876,2,597,14
-0.6620005788471715,1,598,14
0.16687830538614756,2,598,14
1.1308902365557059,1,599,14
0.4708226003154854,2,599,14
0.9621555814755023,1,600,14
0.7229328869885886,2,600,14
-1.647314619851824,1,601,14
-1.8270823915467025,2,601,14
0.3400196405879934,1,602,14
1.200145453202284,2,602,14
-1.6182597016989477,1,603,14
-2.361456851709114,2,603,14
-1.5670700284549133,1,604,14
-0.9203807336020926,2,604,14
1.3386152228555517,1,605,14
1.4032502466049743,2,605,14
-1.5665897065165775,1,606,14
-0.3874743549533644,2,606,14
-0.8162210152428568,1,607,14
0.22604045689474672,2,607,14
-0.33675538984561304,1,608,14
-0.12478799349172927,2,608,14
0.6694989956445745,1,609,14
0.6526022382199265,2,609,14
0.38902740812091363,1,610,14
0.7232894930049918,2,610,14
0.9874759933792123,1,611,14
0.5436022970582438,2,611,14
0.8817689749454324,1,612,14
0.9816262524285817,2,612,14
-1.8170765129417683,1,613,14
-0.8233594043915956,2,613,14
-1.0815999059075176,1,614,14
-1.4640580880482374,2,614,14
-0.21882423409732582,1,615,14
0.2351303966499516,2,615,14
-0.31596443999539703,1,616,14
0.3053003674009132,2,616,14
0.6275500388926647,1,617,14
-0.03567965901003345,2,617,14
-0.9526281780687269,1,618,14
1.1556269381609539,2,618,14
0.872819687100957,1,619,14
1.137023930664706,2,619,14
-0.49192273772689743,1,620,14
0.003412783949432837,2,620,14
1.5665536245189413,1,621,14
1.104579959265544,2,621,14
-0.42782240572566865,1,622,14
-1.6372088424951807,2,622,14
-0.9334637598231893,1,623,14
0.0872973237401033,2,623,14
-0.7728172237091218,1,624,14
-0.6886408333420129,2,624,14
-1.2497679503583212,1,625,14
-1.8044771446535166,2,625,14
-0.35723025471992237,1,626,14
0.332469480193125,2,626,14
0.691264138306519,1,627,14
-1.0225198443644385,2,627,14
0.37901974094922036,1,628,14
0.016105862681587705,2,628,14
-0.354520491021853,1,629,14
-0.32237097791047487,2,629,14
0.17272667659694918,1,630,14
0.007970295350235123,2,630,14
1.383137701226245,1,631,14
1.825457927868939,2,631,14
-0.7683330266685445,1,632,14
-0.22717487707705003,2,632,14
-1.3323882027065739,1,633,14
-0.7542849549759061,2,633,14
-0.4820329231861532,1,634,14
0.19668445546630425,2,634,14
1.0971933396463935,1,635,14
0.5683614351160644,2,635,14
0.6615743266752988,1,636,14
0.7468864750641176,2,636,14
-0.16009127050267283,1,637,14
0.2428905215317699,2,637,14
-0.4322161223753983,1,638,14
-0.5146242485323548,2,638,14
0.2214844468575309,1,639,14
0.1366796096950558,2,639,14
0.2969357376822497,1,640,14
0.5314320758397811,2,640,14
0.5423199913458323,1,641,14
-1.6752555066527417,2,641,14
-0.027661378079184052,1,642,14
-0.5147939910232999,2,642,14
-1.1456999703794555,1,643,14
0.495578035508226,2,643,14
0.8329378654067854,1,644,14
0.7400466631876992,2,644,14
0.8738411889686535,1,645,14
-0.34113359535336296,2,645,14
-0.7295641667433478,1,646,14
-1.6816714750652382,2,646,14
-0.8282168112042109,1,647,14
-1.611366408494067,2,647,14
-1.2607008062622147,1,648,14
-1.6239068909280903,2,648,14
1.517813123402488,1,649,14
1.4377521730389244,2,649,14
-2.67071140372264,1,650,14
-1.7470526890960079,2,650,14
0.3963509540065102,1,651,14
0.10552468956990267,2,651,14
0.6366272443210581,1,652,14
0.6920672815739166,2,652,14
-2.3531717533937306,1,653,14
-0.4817885210488893,2,653,14
1.329095911779221,1,654,14
-0.09912043284476404,2,654,14
0.8116028698878772,1,655,14
0.24621356371878778,2,655,14
-0.782147319950797,1,656,14
-0.7724092245284456,2,656,14
-1.7450704510782118,1,657,14
-0.7460257042687586,2,657,14
0.3421510980265692,1,658,14
1.511961624770588,2,658,14
-0.5852502230373553,1,659,14
-0.8608957966050995,2,659,14
-0.5999418230526595,1,660,14
-1.1675143360729026,2,660,14
0.33095571310606453,1,661,14
0.6642150491830748,2,661,14
0.1574672238182027,1,662,14
-0.9378158419756967,2,662,14
0.5917551949651586,1,663,14
0.5042400532744137,2,663,14
-1.0034767675950749,1,664,14
-1.8234137190971502,2,664,14
0.6206916631276195,1,665,14
0.2863658837988491,2,665,14
-0.703048981654997,1,666,14
-1.0958075592544827,2,666,14
1.619637528688599,1,667,14
0.4200715969922336,2,667,14
1.2806982939325975,1,668,14
1.0138898689035907,2,668,14
-0.5350815140044772,1,669,14
0.31927621072771506,2,669,14
-0.03216460722972869,1,670,14
-0.44462057944077826,2,670,14
-0.1093886882906038,1,671,14
-0.23143260774575655,2,671,14
-1.4893225456207775,1,672,14
-1.2873798178733498,2,672,14
1.038161222362047,1,673,14
1.396675428498142,2,673,14
-0.2599180063417697,1,674,14
0.4799276970603173,2,674,14
-0.3819055801291954,1,675,14
-0.17967789171247678,2,675,14
0.13958491136311207,1,676,14
0.30082079614929536,2,676,14
0.8127072757071409,1,677,14
1.4082546237038722,2,677,14
-0.45983233600053763,1,678,14
0.4135096609138822,2,678,14
-1.0456844291525693,1,679,14
1.3121159993070073,2,679,14
0.1101756028026995,1,680,14
0.039857008525081304,2,680,14
-0.3903333853789645,1,681,14
-0.8571707041779625,2,681,14
-1.1104106007372714,1,682,14
-0.9780791729222282,2,682,14
-0.5699336998481521,1,683,14
-0.2834743053402052,2,683,14
1.7252279126097307,1,684,14
1.634327614255457,2,684,14
0.15711362072082777,1,685,14
0.6504331396772897,2,685,14
-1.0167990703717502,1,686,14
-0.04564066915811492,2,686,14
1.2641135573253746,1,687,14
0.10639957225325614,2,687,14
0.4410867369861328,1,688,14
0.4093766883021954,2,688,14
-0.6665078139976862,1,689,14
-0.6066818886532677,2,689,14
0.5032753805305951,1,690,14
0.3839747258676756,2,690,14
1.9927308099650984,1,691,14
2.5962824610570507,2,691,14
1.614486171540959,1,692,14
2.0262146284000613,2,692,14
1.7829351371691735,1,693,14
0.7258482348937494,2,693,14
1.983315964504737,1,694,14
1.92866371221861,2,694,14
-1.6868080702258124,1,695,14
-0.6779759448016699,2,695,14
0.4685516239510974,1,696,14
0.39552781106894724,2,696,14
-0.41247949659864125,1,697,14
-0.1451898588382648,2,697,14
-1.136636480517877,1,698,14
-1.237503190755921,2,698,14
-1.0156153913617507,1,699,14
-0.38626764971922667,2,699,14
1.5694447368772246,1,700,14
1.3578283992743834,2,700,14
-0.23181300122574466,1,701,14
0.12930490623915256,2,701,14
0.23173505476531353,1,702,14
-0.302647437826738,2,702,14
-0.24702309743660064,1,703,14
-0.6556766610753004,2,703,14
0.4111964285940981,1,704,14
-0.3864098809170933,2,704,14
1.319832831734787,1,705,14
0.6144283669012591,2,705,14
1.616345559816375,1,706,14
0.7299822248220789,2,706,14
1.6213386781430144,1,707,14
1.0977762941049736,2,707,14
-0.4484337537874496,1,708,14
-0.2851079524752018,2,708,14
-0.39900199157824356,1,709,14
-0.10075319413250095,2,709,14
0.863422544589049,1,710,14
-0.14212952425777928,2,710,14
0.5980195612532769,1,711,14
1.3022533987576306,2,711,14
0.4703968625271158,1,712,14
-0.15934691769529313,2,712,14
0.20867456279044658,1,713,14
-0.48510235623338976,2,713,14
-2.937838076466244,1,714,14
-2.4343088387181258,2,714,14
0.7415175204245829,1,715,14
1.0479263220125075,2,715,14
-1.7266626584672202,1,716,14
-2.9445401156941977,2,716,14
0.8292017382757692,1,717,14
-0.8228539410872902,2,717,14
1.6098964839304055,1,718,14
0.7746379343873072,2,718,14
-0.7559021056715205,1,719,14
-0.6061500580097393,2,719,14
-1.0295548433709967,1,720,14
-0.5087745241603109,2,720,14
-0.6241051871267975,1,721,14
-1.324361813108731,2,721,14
-0.7878715288973958,1,722,14
-1.0397394959127833,2,722,14
-0.2088044105409704,1,723,14
1.9747673030486974,2,723,14
1.0219661879283182,1,724,14
1.567755940024481,2,724,14
0.03292520771606241,1,725,14
0.9722946490108121,2,725,14
1.1334349413025604,1,726,14
0.8084354609519427,2,726,14
3.3002802591607847,1,727,14
2.5669450692622346,2,727,14
0.03432801612984628,1,728,14
0.03617449969953802,2,728,14
-2.7262069404741505,1,729,14
-2.3041261670135444,2,729,14
1.6514902709993295,1,730,14
0.26843039081465037,2,730,14
1.0107233700810714,1,731,14
0.3915528750584616,2,731,14
-1.9158221533687223,1,732,14
-1.397389158695343,2,732,14
0.29406259325194833,1,733,14
0.803730571474169,2,733,14
-0.5728220199950693,1,734,14
-0.6946044471168442,2,734,14
-0.1684354680902676,1,735,14
0.9722329558060109,2,735,14
0.867876298771825,1,736,14
0.6635474596484822,2,736,14
0.5530669830716617,1,737,14
-0.011081052239322957,2,737,14
1.7773573200901696,1,738,14
1.3971170705430849,2,738,14
1.6749635364160627,1,739,14
1.3162314648907871,2,739,14
-1.7686604964834518,1,740,14
-1.9547003428124088,2,740,14
-1.347814869571849,1,741,14
-1.255990359964725,2,741,14
-1.2152477696335573,1,742,14
-0.041027545924989306,2,742,14
-0.08079065873198751,1,743,14
-0.80653453824036,2,743,14
0.2150994144305186,1,744,14
-0.024378875971444114,2,744,14
-0.8155689778121394,1,745,14
-1.3015350643549508,2,745,14
-0.6734478088397694,1,746,14
-0.9493746316607422,2,746,14
-0.39412816601764994,1,747,14
-0.20264837056116988,2,747,14
-0.5990989431128353,1,748,14
0.45863802921747415,2,748,14
-0.45232060099262394,1,749,14
-1.769432172553317,2,749,14
0.9544164098749436,1,750,14
0.9836445237879401,2,750,14
0.1380294297764953,1,751,14
-0.08445048003520829,2,751,14
0.6406204799140776,1,752,14
-0.06166860057749322,2,752,14
0.0814292610743735,1,753,14
0.34540802661871856,2,753,14
2.8164367012359763,1,754,14
2.4846208927017863,2,754,14
0.9815472189718769,1,755,14
-0.49752979523135515,2,755,14
-1.28381450365612,1,756,14
-1.6075976153722924,2,756,14
1.2129726407130712,1,757,14
-0.4776769869646452,2,757,14
0.6360362702625322,1,758,14
0.1518613306954264,2,758,14
-0.9721328220750767,1,759,14
-1.0079059326731516,2,759,14
-1.2187849468455212,1,760,14
-0.28763762444080254,2,760,14
-0.20684701133054906,1,761,14
-0.1771090523914917,2,761,14
0.8603960500307347,1,762,14
0.6126697619110704,2,762,14
-0.0907159432660104,1,763,14
-0.7090253295235658,2,763,14
1.6558021951564181,1,764,14
1.9339443105225307,2,764,14
-0.7530845216445788,1,765,14
-0.16309787147177462,2,765,14
-0.4914826211206777,1,766,14
-0.9419781018255463,2,766,14
-2.0280419342370086,1,767,14
-1.101113170002068,2,767,14
-1.7588323524284966,1,768,14
-1.0113303141303418,2,768,14
1.13280596303888,1,769,14
0.7635447919692925,2,769,14
-1.0592730959775019,1,770,14
-1.7953273371523375,2,770,14
1.8304807568207857,1,771,14
3.39619468878649,2,771,14
-1.1729183269116565,1,772,14
-0.6706973256196512,2,772,14
-0.8681115057743656,1,773,14
-0.3451061605284688,2,773,14
-1.3025162576280758,1,774,14
-1.2280514853478506,2,774,14
1.6728380795785627,1,775,14
2.3926168837568307,2,775,14
0.6327273509349051,1,776,14
1.0943648314693908,2,776,14
-2.1066764458163885,1,777,14
-0.06247262064701219,2,777,14
0.8612646006921854,1,778,14
0.7981256480784124,2,778,14
1.368588332293945,1,779,14
2.159063249186334,2,779,14
-0.46166689654987647,1,780,14
0.47085871211135094,2,780,14
0.22136376167880262,1,781,14
-0.2583464303838305,2,781,14
-0.201833158257458,1,782,14
-1.2250297256610274,2,782,14
0.7373705069950796,1,783,14
0.4870376331048988,2,783,14
-1.5831199230410764,1,784,14
-1.9052558828307784,2,784,14
0.3695726289978834,1,785,14
-0.41106301823445146,2,785,14
1.7582159580841374,1,786,14
1.6333152865677818,2,786,14
0.259198584123496,1,787,14
0.37975501591095123,2,787,14
-0.551190856785965,1,788,14
1.5290513319746166,2,788,14
0.2822949332570382,1,789,14
1.4390639267000993,2,789,14
-1.7899572342219388,1,790,14
-1.8881990487962315,2,790,14
-0.45472768405133224,1,791,14
-0.726046123940357,2,791,14
-0.47324706876324013,1,792,14
-1.4042039909701305,2,792,14
-0.5322481604432671,1,793,14
-0.06537814659901096,2,793,14
-1.0841623443948918,1,794,14
-0.6888746419227305,2,794,14
-0.4324517791305842,1,795,14
-0.3888567100049315,2,795,14
1.047918267379025,1,796,14
0.0446204184606076,2,796,14
-1.2352726167641845,1,797,14
-1.9747789648886211,2,797,14
1.5015451019065111,1,798,14
1.5163749479793787,2,798,14
1.3962987069357247,1,799,14
1.5882006943961378,2,799,14
0.9392244798246172,1,800,14
1.4049509044462682,2,800,14
-2.532274395621253,1,801,14
-0.6320893038273798,2,801,14
1.4892706360572223,1,802,14
1.0105296975118385,2,802,14
-0.5872233954680366,1,803,14
-0.6850533996624303,2,803,14
1.5761926225626754,1,804,14
2.3009168104423616,2,804,14
0.39314770119501,1,805,14
1.5074998234336943,2,805,14
-2.2900904869378906,1,806,14
-1.5446326234363577,2,806,14
0.12602782635409096,1,807,14
-0.0699578143744507,2,807,14
-0.5085636458427113,1,808,14
-1.555700013356806,2,808,14
0.3339253976551125,1,809,14
-0.14260545774322164,2,809,14
-0.6660827471468688,1,810,14
0.12347604436469628,2,810,14
0.785135254867531,1,811,14
1.5768963921602448,2,811,14
-0.2897634493974652,1,812,14
-0.718309772614654,2,812,14
1.0726667782447705,1,813,14
0.09735655670503852,2,813,14
-0.22305215568869036,1,814,14
0.8651418528449855,2,814,14
0.7269205017027182,1,815,14
0.5625872332958537,2,815,14
1.9653724897188105,1,816,14
1.263547594713056,2,816,14
0.03448558170858664,1,817,14
-0.1820722567215026,2,817,14
1.481852054902563,1,818,14
1.5246527068841975,2,818,14
-1.3426945437467583,1,819,14
-1.0173372985484366,2,819,14
-0.7842245573315585,1,820,14
-1.137967526740791,2,820,14
2.292065148919181,1,821,14
2.5949323133227122,2,821,14
0.23757289934248552,1,822,14
-0.5867992505347391,2,822,14
-1.65403285027189,1,823,14
-0.12204062109042356,2,823,14
0.06949076393494864,1,824,14
0.5268463250637023,2,824,14
1.381703507045971,1,825,14
0.7917808057653571,2,825,14
-1.4953085751360682,1,826,14
-0.7921713349974697,2,826,14
-0.45047030018424755,1,827,14
0.41085594146547494,2,827,14
-0.3908464247966346,1,828,14
1.3898352321489802,2,828,14
-1.0538973945187047,1,829,14
-0.736764933805208,2,829,14
0.9020276636543872,1,830,14
-0.32100408790316554,2,830,14
0.9323570353312027,1,831,14
0.32128975061083137,2,831,14
0.18127793684642954,1,832,14
0.9479028608994579,2,832,14
-0.461318527949304,1,833,14
-0.1257551608366649,2,833,14
-1.9184582844709495,1,834,14
-0.5907023680026858,2,834,14
-0.13525220408438673,1,835,14
-0.8331829595753006,2,835,14
-0.4237499768849056,1,836,14
-1.1018207425607445,2,836,14
0.24127000705952,1,837,14
2.0912864936281754,2,837,14
-0.4157335243650687,1,838,14
-0.3925774658171312,2,838,14
-0.29291617247044177,1,839,14
-0.0742501876429025,2,839,14
-0.44348933809413166,1,840,14
-0.15740884140199474,2,840,14
-1.0078483838130576,1,841,14
-1.4417844780393227,2,841,14
0.047969787689884066,1,842,14
-0.40456467476210334,2,842,14
-0.4448759448606732,1,843,14
0.34099955443073204,2,843,14
-0.010277116846688257,1,844,14
0.0900588922234623,2,844,14
-0.07877383769053836,1,845,14
-0.5047587275863279,2,845,14
1.2475746069573603,1,846,14
0.10286522429859803,2,846,14
-0.7394393135298112,1,847,14
0.045591954341967306,2,847,14
-1.235502701597487,1,848,14
0.8470077502728296,2,848,14
-1.9305361682366986,1,849,14
0.3952475781168995,2,849,14
-1.8471519638955802,1,850,14
-0.6484756523072269,2,850,14
-0.6197514320069342,1,851,14
-0.9352062775847845,2,851,14
-1.1300995088634511,1,852,14
-0.5259132908280112,2,852,14
-1.272044204022989,1,853,14
-1.0555741000815813,2,853,14
1.1167266315565663,1,854,14
0.15737516788467165,2,854,14
-1.781368684587997,1,855,14
-0.9546968916166807,2,855,14
-1.2771952760801777,1,856,14
-1.553993378420806,2,856,14
1.8247066113079153,1,857,14
3.059308545000246,2,857,14
-0.7256518281935883,1,858,14
-1.4120630022764744,2,858,14
0.6921290967256365,1,859,14
-0.10426177233611326,2,859,14
0.6710747020508413,1,860,14
0.10932658063083492,2,860,14
0.027084349290323273,1,861,14
-0.9722240870467537,2,861,14
-0.18758801453762045,1,862,14
-0.3267729016883809,2,862,14
0.8733822999587646,1,863,14
-0.056132109388269645,2,863,14
0.12022639508789508,1,864,14
-0.30143367687060707,2,864,14
-0.5392328968781465,1,865,14
-0.048348593855393494,2,865,14
0.5508401308234734,1,866,14
0.5865432776471616,2,866,14
1.1316413459647257,1,867,14
0.37827961937364235,2,867,14
-1.131812659771088,1,868,14
0.10513701377525396,2,868,14
0.13323621965601865,1,869,14
0.8458997046630685,2,869,14
1.1795182215763815,1,870,14
1.4124464112704986,2,870,14
0.6590623982771009,1,871,14
-0.6763752972390646,2,871,14
-0.7857778360999408,1,872,14
-1.1730397311807748,2,872,14
1.7799973554155235,1,873,14
0.8401528802073082,2,873,14
1.880579701978425,1,874,14
2.043067355856929,2,874,14
-0.8577551256372532,1,875,14
-0.5621031678564115,2,875,14
-0.5230668618178023,1,876,14
-1.002939133255021,2,876,14
-0.28578292471057654,1,877,14
0.44937250582448124,2,877,14
0.8631069274185437,1,878,14
-0.5940762585481533,2,878,14
0.15288149253423094,1,879,14
0.07360026312452307,2,879,14
-0.2983168972729206,1,880,14
-0.6764816131627963,2,880,14
-0.7967615363317102,1,881,14
-0.39007984587599576,2,881,14
-0.5450345517210899,1,882,14
-1.0485528400196538,2,882,14
-0.0943812802493735,1,883,14
-1.8962868190672608,2,883,14
0.17642721050458154,1,884,14
1.0249022450922156,2,884,14
-0.27322323573964347,1,885,14
0.43041286968369563,2,885,14
-2.3084925708425246,1,886,14
-1.2147636853047525,2,886,14
0.47750048537066636,1,887,14
1.065307558766979,2,887,14
0.5424044321771586,1,888,14
0.978983982314697,2,888,14
0.8315887269690686,1,889,14
0.21144545134602183,2,889,14
2.038541469697334,1,890,14
1.9963122442863208,2,890,14
1.3240811672413264,1,891,14
-0.14053339989670985,2,891,14
0.6176093828680758,1,892,14
0.18785977002902035,2,892,14
1.1234126456466225,1,893,14
0.521255177140595,2,893,14
-1.3451902308918384,1,894,14
0.27269496291107725,2,894,14
0.7058680142428476,1,895,14
1.5329702071388973,2,895,14
-0.8003093241998025,1,896,14
-1.0562727050976821,2,896,14
0.35286579198560447,1,897,14
0.6770157244452375,2,897,14
-1.3584415484037664,1,898,14
-1.4536819718845289,2,898,14
-0.8196963862860247,1,899,14
-0.3535566131343252,2,899,14
1.1720220005941209,1,900,14
-0.22083851855940295,2,900,14
0.14826816862600523,1,901,14
-0.33326861225809973,2,901,14
2.1192439861515133,1,902,14
1.5753932846073007,2,902,14
-1.5937460887823145,1,903,14
-0.7262527489910838,2,903,14
-0.9107716217369662,1,904,14
-0.6569997976787803,2,904,14
-0.6344841687494424,1,905,14
-1.3415122582604286,2,905,14
1.4970258136222465,1,906,14
0.7347933938951589,2,906,14
-0.8676599428010716,1,907,14
-0.6553646132110981,2,907,14
-0.48981664636456945,1,908,14
0.40881923605301945,2,908,14
-0.7464369056082849,1,909,14
-0.39987357530304135,2,909,14
-1.6141830231183174,1,910,14
-0.24284088432193254,2,910,14
-1.821254949723639,1,911,14
-0.6465843262111147,2,911,14
-0.1663165763561626,1,912,14
-0.13742396736980197,2,912,14
-1.4134872330224306,1,913,14
0.7834530180381387,2,913,14
-0.3026979501975412,1,914,14
0.2672527779745001,2,914,14
-0.582963515109039,1,915,14
-0.70895638188411,2,915,14
-0.2457696655050001,1,916,14
0.17270254659707127,2,916,14
-1.641892824746582,1,917,14
-1.7165990542150944,2,917,14
-0.15105564826908863,1,918,14
-0.5411254591590966,2,918,14
0.5758170963478787,1,919,14
0.41386506541691065,2,919,14
-0.6584963346535748,1,920,14
0.15211529988952235,2,920,14
1.35635914382567,1,921,14
0.05328828335384504,2,921,14
-2.3860470806632255,1,922,14
-1.4597469375308965,2,922,14
0.34642401021926883,1,923,14
-0.6474207409299217,2,923,14
-0.5177090298180541,1,924,14
-0.2746405349097016,2,924,14
0.7438627503891653,1,925,14
-0.1349926242734393,2,925,14
1.0153471135283834,1,926,14
0.2997400455410408,2,926,14
-0.7055037400145321,1,927,14
1.7951878381155097,2,927,14
0.8567970483031883,1,928,14
0.48997840976852075,2,928,14
-0.39646681966196123,1,929,14
-0.6220995942682144,2,929,14
-0.46629771927374664,1,930,14
0.7453477276679319,2,930,14
1.3312039218911997,1,931,14
2.224177692851049,2,931,14
0.20892993519057976,1,932,14
-0.020869165574565595,2,932,14
0.8646719110950206,1,933,14
0.004459676256541862,2,933,14
-0.9747002455960366,1,934,14
-0.7997436961312282,2,934,14
-1.2201748752694643,1,935,14
-0.9496882583186085,2,935,14
0.8588452660099273,1,936,14
0.8058417234551565,2,936,14
1.0683349876341253,1,937,14
1.926223414945745,2,937,14
-1.5334517359300974,1,938,14
-1.86636133309099,2,938,14
-0.12853055757042814,1,939,14
0.31334867002592426,2,939,14
0.39758443433503127,1,940,14
0.3134123920106282,2,940,14
0.20187356383980254,1,941,14
0.3833951812422753,2,941,14
-1.7715939683390796,1,942,14
-0.8729870556492387,2,942,14
1.1653952313614313,1,943,14
0.044222802608799676,2,943,14
0.8875788604292336,1,944,14
0.6112056469102023,2,944,14
-1.2731386514309218,1,945,14
-0.6594967688323923,2,945,14
0.2299938169973267,1,946,14
-0.35192402767068354,2,946,14
-0.158698025211786,1,947,14
1.516466995125928,2,947,14
0.4020903517409266,1,948,14
0.10298903076012683,2,948,14
-0.04389321104622702,1,949,14
-0.5129779239725103,2,949,14
-0.7195310018263533,1,950,14
-0.4203823073743576,2,950,14
0.5554739447489877,1,951,14
0.10349121055234975,2,951,14
-0.9025932107735044,1,952,14
-0.3674929223056916,2,952,14
-0.125719621294522,1,953,14
-0.24877821530871455,2,953,14
-8.643931681428157e-4,1,954,14
-1.515672818527873,2,954,14
0.7687101472702842,1,955,14
0.3904921493195477,2,955,14
-1.5719098994280163,1,956,14
-1.855711871659736,2,956,14
-0.31980938943257775,1,957,14
-0.1796015019736574,2,957,14
-0.5436788568067139,1,958,14
-0.4207451060707324,2,958,14
2.007289408883471,1,959,14
1.1616363481104828,2,959,14
-1.828423689049156,1,960,14
-1.8971465868621837,2,960,14
-0.2543311042075157,1,961,14
0.22658989543221242,2,961,14
1.3062516686648318,1,962,14
-0.3133311752973058,2,962,14
0.10577423241430135,1,963,14
0.2547828567298803,2,963,14
0.34329630102269554,1,964,14
-0.07744167900950417,2,964,14
1.429349746534628,1,965,14
0.6098244722981635,2,965,14
1.2245325394222448,1,966,14
0.7708246696371488,2,966,14
1.0338096614519179,1,967,14
1.6857542110297272,2,967,14
-0.9781445887237791,1,968,14
-1.0074493602749932,2,968,14
-1.4114212351248703,1,969,14
-0.0010269739540782626,2,969,14
0.41852624325131,1,970,14
0.10650652582246892,2,970,14
-0.9864244780885834,1,971,14
-0.5004268273951398,2,971,14
0.014140830922752567,1,972,14
0.34196032690313366,2,972,14
-1.1095931833248376,1,973,14
-0.3622292414658327,2,973,14
-2.0225191008725734,1,974,14
-0.7009550202050612,2,974,14
-1.3014960745818145,1,975,14
-0.8299263599663121,2,975,14
0.0688700952013803,1,976,14
0.7668721594599152,2,976,14
-0.08510763331003056,1,977,14
0.9043475017036551,2,977,14
0.47795114649646275,1,978,14
0.34613485388464704,2,978,14
-0.5183077446063536,1,979,14
-0.2889381342341002,2,979,14
-1.0229423020843535,1,980,14
-1.1627173781753755,2,980,14
-0.5820683360920595,1,981,14
0.23274045539845442,2,981,14
-0.6631027125542304,1,982,14
-1.5978770563950717,2,982,14
-1.4855510301198418,1,983,14
-1.5562385582836997,2,983,14
-0.31633186779426276,1,984,14
-0.9339125631545973,2,984,14
-0.8759276045015892,1,985,14
-0.24305246949705323,2,985,14
1.2697076198690789,1,986,14
1.6953582942941887,2,986,14
-0.46329148929740577,1,987,14
-0.7941696708478833,2,987,14
0.7978168861079069,1,988,14
0.17497587241753473,2,988,14
1.428093372807651,1,989,14
0.4465016258844303,2,989,14
-0.7673357900339861,1,990,14
-1.0745039895839597,2,990,14
-1.3025044103351866,1,991,14
-1.0090860954454708,2,991,14
-0.3965863585658003,1,992,14
-0.40870877342616935,2,992,14
-1.1164299579601729,1,993,14
-0.9857613413699821,2,993,14
0.1765799705696488,1,994,14
-0.6925036981189844,2,994,14
0.6789648254274476,1,995,14
0.40636236658207,2,995,14
0.4711802200920862,1,996,14
1.2998337396332038,2,996,14
0.70155566156716,1,997,14
0.5887067765223031,2,997,14
-1.1587908079769302,1,998,14
-1.2952429072848417,2,998,14
1.0356539076297764,1,999,14
1.7536353821809696,2,999,14
0.8294893453992565,1,1000,14
0.9222591635539349,2,1000,14
